cited_doi,cited_altmetric_id,citation_medium,citation_title,citation_date,citation_source,citation_urls,clean_urls,journalist,paper_type,police depiction
10.1037/law0000278,88920196,blogs,"For Family Cases Involving Reports of Intimate Partner Violence, Shuttle and Videoconference Mediation Are Safe, Effective and Preferred by Parents",2021-03-01T15:30:00+00:00,Just Court ADR,['http://blog.aboutrsi.org/2021/research/for-family-cases-involving-reports-of-intimate-partner-violence-shuttle-and-videoconference-mediation-are-safe-effective-and-preferred-by-parents/?utm_source=rss&utm_medium=rss&utm_campaign=for-family-cases-involving-reports-of-intimate-partner-violence-shuttle-and-videoconference-mediation-are-safe-effective-and-preferred-by-parents'],http://blog.aboutrsi.org/2021/research/for-family-cases-involving-reports-of-intimate-partner-violence-shuttle-and-videoconference-mediation-are-safe-effective-and-preferred-by-parents/?utm_source=rss&utm_medium=rss&utm_campaign=for-family-cases-involving-reports-of-intimate-partner-violence-shuttle-and-videoconference-mediation-are-safe-effective-and-preferred-by-parents,Jennifer Shack,violence prevention,
10.1080/15388220.2021.1952078,111698484,blogs,"With school shootings at record high, new grant aims to STOP violence in 40 Colorado schools",2022-11-07T17:15:57+00:00,CU Boulder Today  - University of Colorado Boulder,['https://www.colorado.edu/today/2022/11/07/school-shootings-record-high-new-grant-aims-stop-violence-40-colorado-schools'],https://www.colorado.edu/today/2022/11/07/school-shootings-record-high-new-grant-aims-stop-violence-40-colorado-schools,Lisa Marshall,violence prevention,
10.1093/qje/qjw033,13625467,blogs,Study after study shows ex-prisoners would be better off without intense supervision,2018-07-02T15:45:19+00:00,The Brookings Institution,['https://www.brookings.edu/blog/up-front/2018/07/02/study-after-study-shows-ex-prisoners-would-be-better-off-without-intense-supervision/'],https://www.brookings.edu/blog/up-front/2018/07/02/study-after-study-shows-ex-prisoners-would-be-better-off-without-intense-supervision/,Jennifer Doleac,violence prevention,
10.1093/qje/qjw033,13625467,blogs,Gun Regulation Is Costly—and Not the Only Option,2018-11-09T05:30:12+00:00,The Regulatory Review,['https://www.theregreview.org/2018/11/09/gun-regulation-costly-not-only-option/'],https://www.theregreview.org/2018/11/09/gun-regulation-costly-not-only-option/,Jennifer Doleac,violence prevention,
10.1093/qje/qjw033,13625467,blogs,Learning to cooperate and a culture of honor,2019-02-13T19:53:43+00:00,The Brookings Institution,['https://www.brookings.edu/blog/future-development/2019/02/13/learning-to-cooperate-and-a-culture-of-honor/'],https://www.brookings.edu/blog/future-development/2019/02/13/learning-to-cooperate-and-a-culture-of-honor/,Karla Hoff,violence prevention,
10.1093/qje/qjw033,13625467,blogs,Gun policy suggestions from Jennifer Doleac,2019-08-04T20:22:48+00:00,Marginal Revolution,['http://feedproxy.google.com/~r/marginalrevolution/feed/~3/cwSwLUl2Wzg/gun-policy-suggestions-from-jennifer-doleac.html'],http://feedproxy.google.com/~r/marginalrevolution/feed/~3/cwSwLUl2Wzg/gun-policy-suggestions-from-jennifer-doleac.html,Jennifer Doleac,violence prevention,
10.1093/qje/qjw033,13625467,blogs,Six policies to boost employment for Black men,2021-03-16T17:05:05+00:00,The Brookings Institution,['https://www.brookings.edu/blog/how-we-rise/2021/03/16/six-policies-to-boost-employment-for-black-men/'],https://www.brookings.edu/blog/how-we-rise/2021/03/16/six-policies-to-boost-employment-for-black-men/,Harry J. Holzer,violence prevention,
10.1093/qje/qjw033,13625467,blogs,"When cities add cops, Black residents could have the most to gain — and the most to lose",2021-05-18T14:56:18+00:00,Niskanen Center,['https://www.niskanencenter.org/when-cities-add-cops-black-residents-could-have-the-most-to-gain-and-the-most-to-lose/'],https://www.niskanencenter.org/when-cities-add-cops-black-residents-could-have-the-most-to-gain-and-the-most-to-lose/,"Aaron Chalfin, Benjamin Hansen, Emily Weisburst, Morgan C. Williams Jr.",violence prevention,
10.1093/qje/qjw033,13625467,blogs,Young Men Need More Medicaid,2021-09-29T16:43:42+00:00,cepr,['https://cepr.net/young-men-need-more-medicaid/'],https://cepr.net/young-men-need-more-medicaid/,"Shawn Fremstad, Clara Wilson, Anais Goubert",violence prevention,
10.1093/qje/qjw033,13625467,blogs,How a focused approach to policing made New York safer,2022-01-27T19:06:47+00:00,Niskanen Center,['https://www.niskanencenter.org/how-a-focused-approach-to-policing-made-new-york-safer/'],https://www.niskanencenter.org/how-a-focused-approach-to-policing-made-new-york-safer/,Aaron Chalfin,violence prevention,
10.1093/qje/qjw033,13625467,blogs,"As NYC mourns two officers, it must resolve to fight endemic violence",2022-03-07T20:03:27+00:00,Niskanen Center,['https://www.niskanencenter.org/as-nyc-mourns-two-officers-it-must-resolve-to-fight-endemic-violence/'],https://www.niskanencenter.org/as-nyc-mourns-two-officers-it-must-resolve-to-fight-endemic-violence/,Richard Hahn,violence prevention,
10.1093/qje/qjw033,13625467,blogs,MacDonald: 'Criminal justice reform should by guided by evidence',2023-04-03T12:39:00+00:00,Matt Mangino,['http://www.mattmangino.com/2023/04/macdonald-criminal-justice-reform.html'],http://www.mattmangino.com/2023/04/macdonald-criminal-justice-reform.html,Matt Mangino,violence prevention,
10.1016/j.jsp.2022.08.002,134614800,blogs,A randomized controlled trial on the interconnected systems framework for school mental health and PBIS: Focus on proximal variables and school discipline,2022-08-27T18:54:54+00:00,information for practice - Journal Article Abstracts,['https://ifp.nyu.edu/2022/journal-article-abstracts/s0022440522000656/'],https://ifp.nyu.edu/2022/journal-article-abstracts/s0022440522000656/,Not Found,violence prevention,
10.1093/qje/qjw033,13625467,news,Stopping the revolving prison door,2017-05-10T20:00:01+00:00,MIT News,['http://news.mit.edu/2017/stopping-revolving-prison-door-reducing-recidivism-mit-jpal-0510'],http://news.mit.edu/2017/stopping-revolving-prison-door-reducing-recidivism-mit-jpal-0510,J-PAL North America,violence prevention,
10.1093/qje/qjw033,13625467,news,Innovative strategies to reduce recidivism and help prison inmates transition back to society,2017-05-11T11:05:15+00:00,Phys.org,['https://phys.org/news/2017-05-strategies-recidivism-prison-inmates-transition.html'],https://phys.org/news/2017-05-strategies-recidivism-prison-inmates-transition.html,Massachusetts Institute of Technology,violence prevention,
10.1093/qje/qjw033,13625467,news,Study after study shows ex-prisoners would be better off without intense supervision,2018-07-02T15:45:19+00:00,Brookings,['https://www.brookings.edu/blog/up-front/2018/07/02/study-after-study-shows-ex-prisoners-would-be-better-off-without-intense-supervision/?alm_mvr=0'],https://www.brookings.edu/blog/up-front/2018/07/02/study-after-study-shows-ex-prisoners-would-be-better-off-without-intense-supervision/?alm_mvr=0,Jennifer L. Doleac,violence prevention,
10.1093/qje/qjw033,13625467,news,Gun control policy: how to prevent gun deaths without gun laws,2018-11-13T14:00:01+00:00,Vox.com,['https://www.vox.com/future-perfect/2018/11/13/18088202/gun-control-gun-violence-jennifer-doleac'],https://www.vox.com/future-perfect/2018/11/13/18088202/gun-control-gun-violence-jennifer-doleac,Dylan Matthews,violence prevention,
10.1093/qje/qjw033,13625467,news,Learning to cooperate and a culture of honor,2019-02-13T19:53:43+00:00,Brookings,['https://www.brookings.edu/blog/future-development/2019/02/13/learning-to-cooperate-and-a-culture-of-honor/?alm_mvr=0'],https://www.brookings.edu/blog/future-development/2019/02/13/learning-to-cooperate-and-a-culture-of-honor/?alm_mvr=0,Karla Hoff,violence prevention,
10.1093/qje/qjw033,13625467,news,On The Knife's Edge: Using Therapy To Address Violence Among Teens,2020-01-06T22:58:47+00:00,NPR,['https://www.npr.org/2020/01/06/794016613/on-the-knifes-edge-using-therapy-to-address-violence-among-teens'],https://www.npr.org/2020/01/06/794016613/on-the-knifes-edge-using-therapy-to-address-violence-among-teens,"Shankar Vedantam, Jennifer Schmidt, Tara Boyle",violence prevention,
10.1093/qje/qjw033,13625467,news,Cops prevent violence. But they aren’t the only ones who can do it.,2020-06-12T13:54:45+00:00,Washington Post,['https://www.washingtonpost.com/outlook/2020/06/12/defund-police-violent-crime/'],https://www.washingtonpost.com/outlook/2020/06/12/defund-police-violent-crime/,Patrick Sharkey,violence prevention,
10.1093/qje/qjw033,13625467,news,Why do we need the police?,2020-06-12T18:00:11+00:00,Long Island Newsday,['https://www.newsday.com/opinion/commentary/police-defund-social-justice-african-americans-brutality-1.45626656'],https://www.newsday.com/opinion/commentary/police-defund-social-justice-african-americans-brutality-1.45626656,Patrick Sharkey,violence prevention,
10.1093/qje/qjw033,13625467,news,Why do we need the police?,2020-06-12T14:21:00+00:00,The Eagle,['https://www.theeagle.com/opinion/columnists/why-do-we-need-the-police/article_ece31f9a-0b4e-561c-855e-8b53b2ab1e77.html'],https://www.theeagle.com/opinion/columnists/why-do-we-need-the-police/article_ece31f9a-0b4e-561c-855e-8b53b2ab1e77.html,Patrick Sharkey,violence prevention,
10.1093/qje/qjw033,13625467,news,How to transform policing,2020-07-08T21:30:07+00:00,The Hill,['http://thehill.com/opinion/criminal-justice/506438-how-to-transform-policing'],http://thehill.com/opinion/criminal-justice/506438-how-to-transform-policing,John Hollywood,violence prevention,
10.1093/qje/qjw033,13625467,news,How to transform policing,2020-07-08T21:53:32+00:00,MSN,['https://www.msn.com/en-us/news/politics/how-to-transform-policing/ar-BB16vlrU?li=BBnbcA1&srcref=rss'],https://www.msn.com/en-us/news/politics/how-to-transform-policing/ar-BB16vlrU?li=BBnbcA1&srcref=rss,John Hollywood,violence prevention,
10.1093/qje/qjw033,13625467,news,How cities can tackle violent crime without relying on police,2020-08-07T12:10:00+00:00,Vox.com,['https://www.vox.com/21351442/patrick-sharkey-uneasy-peace-abolish-defund-the-police-violence-cities'],https://www.vox.com/21351442/patrick-sharkey-uneasy-peace-abolish-defund-the-police-violence-cities,Roge Karma,violence prevention,
10.1093/qje/qjw033,13625467,news,6 policies to boost employment for Black men,2021-03-16T17:05:05+00:00,Brookings,['https://www.brookings.edu/blog/how-we-rise/2021/03/16/six-policies-to-boost-employment-for-black-men/?alm_mvr=0'],https://www.brookings.edu/blog/how-we-rise/2021/03/16/six-policies-to-boost-employment-for-black-men/?alm_mvr=0,Harry J. Holzer,violence prevention,
10.1093/qje/qjw033,13625467,news,"Twelve Things That Caught My Eye Today: The Suffering Uyghurs, Lebanon, When Harry Became Sally & More",2021-03-17T19:46:21+00:00,National Review,['https://www.nationalreview.com/corner/twelve-things-that-caught-my-eye-today-the-suffering-uyghurs-lebanon-when-harry-became-sally-more/'],https://www.nationalreview.com/corner/twelve-things-that-caught-my-eye-today-the-suffering-uyghurs-lebanon-when-harry-became-sally-more/,Kathryn Jean Lopez,violence prevention,
10.1093/qje/qjw033,13625467,news,Biden's plan to spend billions on community policing is bad policy,2021-07-16T14:30:07+00:00,The Hill,['http://ct.moreover.com/?a=45401226728&p=1pl&v=1&x=NYYKpmjl8KUTCsiP-mgzvA'],http://ct.moreover.com/?a=45401226728&p=1pl&v=1&x=NYYKpmjl8KUTCsiP-mgzvA,Michael Sierra-Arévalo,violence prevention,
10.1093/qje/qjw033,13625467,news,Biden's plan to spend billions on community policing is bad policy,2021-07-16T14:56:40+00:00,Pressfrom,['http://ct.moreover.com/?a=45401268256&p=1pl&v=1&x=SmakoQ54k058_-7_hxUwZQ'],http://ct.moreover.com/?a=45401268256&p=1pl&v=1&x=SmakoQ54k058_-7_hxUwZQ,Michael Sierra-Arévalo,violence prevention,
10.1093/qje/qjw033,13625467,news,"A study gave cash and therapy to men at risk of criminal behavior. 10 years later, the results are in.",2022-05-31T12:29:07+00:00,DNYUZ,['https://dnyuz.com/2022/05/31/a-study-gave-cash-and-therapy-to-men-at-risk-of-criminal-behavior-10-years-later-the-results-are-in/'],https://dnyuz.com/2022/05/31/a-study-gave-cash-and-therapy-to-men-at-risk-of-criminal-behavior-10-years-later-the-results-are-in/,Sigal Samuel,violence prevention,
10.1093/qje/qjw033,13625467,news,"A study gave cash and therapy to men at risk of criminal behavior. 10 years later, the results are in.",2022-05-31T12:20:00+00:00,Vox.com,['http://ct.moreover.com/?a=47871633923&p=1pl&v=1&x=st_QMV9t7JrzWKw0rQWcAA'],http://ct.moreover.com/?a=47871633923&p=1pl&v=1&x=st_QMV9t7JrzWKw0rQWcAA,Sigal Samuel,violence prevention,
10.1093/qje/qjw033,13625467,news,"Eight weeks of therapy, plus some cash, can change the lives of violent men",2022-06-03T14:57:31+00:00,Washington Post,['http://ct.moreover.com/?a=47898511213&p=1pl&v=1&x=93wHeQhLVpcsTRMwnkTIvQ'],http://ct.moreover.com/?a=47898511213&p=1pl&v=1&x=93wHeQhLVpcsTRMwnkTIvQ,Christopher Blattman,violence prevention,
10.1093/qje/qjw033,13625467,news,"We're criminologists: to end mass shootings, fund…",2022-06-07T09:45:06+00:00,Courier-Journal,['http://ct.moreover.com/?a=47927072787&p=1pl&v=1&x=8o0zT0CNgH9V2jiPU4kLVA'],http://ct.moreover.com/?a=47927072787&p=1pl&v=1&x=8o0zT0CNgH9V2jiPU4kLVA,Christopher Blattman,violence prevention,
10.1093/qje/qjw033,13625467,news,948 school shootings since Sandy Hook prove swift policy changes and more guns don't work,2022-06-07T09:45:06+00:00,Yahoo! News,['http://ct.moreover.com/?a=47927131019&p=1pl&v=1&x=yHuqAn98D6RfBlFryscI7Q'],http://ct.moreover.com/?a=47927131019&p=1pl&v=1&x=yHuqAn98D6RfBlFryscI7Q,Kaitlyn J. Selman and Justin Turner,violence prevention,
10.1093/qje/qjw033,13625467,news,948 school shootings since Sandy Hook prove swift policy changes and more guns don't work,2022-06-07T09:45:06+00:00,Newsbreak,['http://ct.moreover.com/?a=47928603186&p=1pl&v=1&x=766-0QV1yVPDdcaY8SR2cQ'],http://ct.moreover.com/?a=47928603186&p=1pl&v=1&x=766-0QV1yVPDdcaY8SR2cQ,Kaitlyn J. Selman and Justin Turner,violence prevention,
10.1093/qje/qjw033,13625467,news,Analysis: School Safety Is About More Than Keeping Guns out of the Classroom,2022-08-24T10:30:00+00:00,Newsbreak,['http://ct.moreover.com/?a=48563347491&p=1pl&v=1&x=96yMao9mFEHwyol-5IQ4gQ'],http://ct.moreover.com/?a=48563347491&p=1pl&v=1&x=96yMao9mFEHwyol-5IQ4gQ,Roseanna Ander and Monica Bhatt,violence prevention,
10.1093/qje/qjw033,13625467,news,Analysis: School Safety Is About More Than Keeping Guns out of the Classroom,2022-08-24T10:30:00+00:00,Yahoo! News,['http://ct.moreover.com/?a=48563385674&p=1pl&v=1&x=F0xhsj83Kqkajodj5sRE9Q'],http://ct.moreover.com/?a=48563385674&p=1pl&v=1&x=F0xhsj83Kqkajodj5sRE9Q,Roseanna Ander and Monica Bhatt,violence prevention,
10.1093/qje/qjw033,13625467,news,Analysis: School Safety Is About More Than Keeping Guns out of the Classroom,2022-08-24T10:30:00+00:00,Daily Magazine,['http://ct.moreover.com/?a=48564196888&p=1pl&v=1&x=ECk2XB3V9suzAhYipbtaYQ'],http://ct.moreover.com/?a=48564196888&p=1pl&v=1&x=ECk2XB3V9suzAhYipbtaYQ,Roseanna Ander and Monica Bhatt,violence prevention,
10.1093/qje/qjw033,13625467,news,"Jennifer Doleac is helping us find nuanced, effective ways to fight crime",2022-10-20T09:55:00+00:00,Vox.com,['http://ct.moreover.com/?a=49038446752&p=1pl&v=1&x=kB9630NdpgkIOdrVVUNaxA'],http://ct.moreover.com/?a=49038446752&p=1pl&v=1&x=kB9630NdpgkIOdrVVUNaxA,Miranda Dixon-Luinenburg ,violence prevention,
10.1093/qje/qjw033,13625467,news,News story from Chicago Tribune on Wednesday 22 February 2023,2023-02-22T21:06:10+00:00,Chicago Tribune,[],,Not Found,violence prevention,
10.1136/injuryprev-2016-042194,13871483,news,Gun laws that cost millions had little effect because they weren't enforced,2017-10-13T11:00:31+00:00,The Guardian,['https://www.theguardian.com/us-news/2017/oct/13/gun-laws-that-cost-two-state-lawmakers-their-seats-had-little-effect-study-finds'],https://www.theguardian.com/us-news/2017/oct/13/gun-laws-that-cost-two-state-lawmakers-their-seats-had-little-effect-study-finds,Lois Beckett,violence prevention,
10.1136/injuryprev-2016-042194,13871483,news,Gun laws that cost millions had little effect because they weren't enforced,2017-10-13T11:00:31+00:00,Yahoo! News,['https://in.news.yahoo.com/gun-laws-cost-two-state-110031148.html'],https://in.news.yahoo.com/gun-laws-cost-two-state-110031148.html,Lois Beckett,violence prevention,
10.1136/injuryprev-2016-042194,13871483,news,"Gun laws that cost two state lawmakers their seats had little effect, study finds",2017-10-13T11:00:31+00:00,Yahoo! News,['https://uk.news.yahoo.com/gun-laws-cost-two-state-110031148.html'],https://uk.news.yahoo.com/gun-laws-cost-two-state-110031148.html,Lois Beckett,violence prevention,
10.1136/injuryprev-2016-042194,13871483,news,"The Guardian: Background Check Laws Fail in CO, WA Because Citizens Will Not Comply",2017-10-13T15:06:24+00:00,Breitbart News Network,['http://www.breitbart.com/2nd-amendment/2017/10/13/guardian-millions-spent-background-checks-laws-co-wa-fail/'],http://www.breitbart.com/2nd-amendment/2017/10/13/guardian-millions-spent-background-checks-laws-co-wa-fail/,Awr Hawkins,violence prevention,
10.1136/injuryprev-2016-042194,13871483,news,Most Gun Laws Aren’t Backed Up By Evidence. Here’s Why.,2023-02-06T11:00:00+00:00,FiveThirtyEight,['http://ct.moreover.com/?a=49935544908&p=1pl&v=1&x=40EUxQL-K2H-qylx2azIQA'],http://ct.moreover.com/?a=49935544908&p=1pl&v=1&x=40EUxQL-K2H-qylx2azIQA,Maggie Koerth,violence prevention,
10.1136/injuryprev-2016-042194,13871483,news,The Hardest Part Of Red Flag Laws Isn’t Getting Them Passed,2023-02-17T19:10:53+00:00,FiveThirtyEight,['http://ct.moreover.com/?a=50037885897&p=1pl&v=1&x=yJM--Rtsl9PHDkCdgCvG4A'],http://ct.moreover.com/?a=50037885897&p=1pl&v=1&x=yJM--Rtsl9PHDkCdgCvG4A,Maggie Koerth,violence prevention,
10.1162/rest_a_00850,76936783,news,"Summer Jobs Programs Aim To Keep Teens Out Of Trouble. This Year, That Work Is Moving Online",2020-06-23T21:08:58+00:00,WUNC,['http://wunc.org/post/summer-jobs-programs-aim-keep-teens-out-trouble-year-work-moving-online'],http://wunc.org/post/summer-jobs-programs-aim-keep-teens-out-trouble-year-work-moving-online,Leigh Patterson,violence prevention,
10.1162/rest_a_00850,76936783,news,"Mayor de Blasio, Bring Back Summer Jobs",2020-06-29T09:00:23+00:00,New York Times,['https://www.nytimes.com/2020/06/29/opinion/coronavirus-summer-jobs.html'],https://www.nytimes.com/2020/06/29/opinion/coronavirus-summer-jobs.html,Sara Heller and Judd B. Kessler,violence prevention,
10.1162/rest_a_00850,76936783,news,Opinion: Youth employment programs are public safety programs,2023-04-03T00:00:00+00:00,Crain's Chicago Business,['http://ct.moreover.com/?a=50421155656&p=1pl&v=1&x=8z9pp3CM6P2tr0PLndaGQQ'],http://ct.moreover.com/?a=50421155656&p=1pl&v=1&x=8z9pp3CM6P2tr0PLndaGQQ,Damon Jones,violence prevention,
10.1093/qje/qjw033,13625467,policy,Hard Cash and Soft Skills: Experimental Evidence on Combining Scholarships and Mentoring in Argentina,2018-09-01T00:00:00+00:00,The Inter-American Development Bank,"['https://publications.iadb.org/publications/english/document/Hard-Cash-and-Soft-Skills-Experimental-Evidence-on-Combining-Scholarships-and-Mentoring-in-Argentina.pdf?download=true', 'https://publications.iadb.org/en/hard-cash-and-soft-skills-experimental-evidence-combining-scholarships-and-mentoring-argentina']","https://publications.iadb.org/publications/english/document/Hard-Cash-and-Soft-Skills-Experimental-Evidence-on-Combining-Scholarships-and-Mentoring-in-Argentina.pdf?download=true, https://publications.iadb.org/en/hard-cash-and-soft-skills-experimental-evidence-combining-scholarships-and-mentoring-argentina","Alejandro Ganimian, Felipe Barrera-Osorio, Biehl, María Loreto, María Cortelezzi",violence prevention,
10.1093/qje/qjw033,13625467,policy,Effects of Maternal Work Incentives on Adolescent Social Behaviors,2019-02-01T00:00:00+00:00,National Bureau of Economic Research,"['http://www.nber.org/papers/w25527.pdf', 'https://www.nber.org/papers/w25527']","http://www.nber.org/papers/w25527.pdf, https://www.nber.org/papers/w25527","Dhaval M. Dave, Hope Corman, Ariel Kalil, Ofira Schwartz-Soicher & Nancy Reichman",violence prevention,
10.1093/qje/qjw033,13625467,policy,Can Simple Psychological Interventions Increase Preventive Health Investment?,2019-04-01T00:00:00+00:00,National Bureau of Economic Research,"['http://www.nber.org/papers/w25731.pdf', 'https://www.nber.org/papers/w25731']","http://www.nber.org/papers/w25731.pdf, https://www.nber.org/papers/w25731","Johannes Haushofer, Anett John & Kate Orkin",violence prevention,
10.1093/qje/qjw033,13625467,policy,Race and Economic Opportunity in the United States: An Intergenerational Perspective,2018-03-01T00:00:00+00:00,National Bureau of Economic Research,"['http://www.nber.org/papers/w24441.pdf', 'https://www.nber.org/papers/w24441']","http://www.nber.org/papers/w24441.pdf, https://www.nber.org/papers/w24441","Raj Chetty, Nathaniel Hendren, Maggie R. Jones & Sonya R. Porter",violence prevention,
10.1093/qje/qjw033,13625467,policy,Rethinking the Benefits of Youth Employment Programs: The Heterogeneous Effects of Summer Jobs,2017-05-01T00:00:00+00:00,National Bureau of Economic Research,"['http://www.nber.org/papers/w23443.pdf', 'https://www.nber.org/papers/w23443']","http://www.nber.org/papers/w23443.pdf, https://www.nber.org/papers/w23443",Jonathan M.V. Davis & Sara B. Heller,violence prevention,
10.1093/qje/qjw033,13625467,policy,Addressing High School Dropouts with a Scalable Intervention : The Case of PODER,2019-12-17T14:59:00+00:00,World Bank,"['https://openknowledge.worldbank.org/bitstream/10986/33054/4/WPS9085.pdf', 'https://openknowledge.worldbank.org/handle/10986/33054']","https://openknowledge.worldbank.org/bitstream/10986/33054/4/WPS9085.pdf, https://openknowledge.worldbank.org/handle/10986/33054",Not Found,violence prevention,
10.1093/qje/qjw033,13625467,policy,The COVID-19 Pandemic : Shocks to Education and Policy Responses,2020-05-21T01:58:20+00:00,World Bank,"['https://openknowledge.worldbank.org/bitstream/10986/33696/4/148198.pdf', 'https://openknowledge.worldbank.org/handle/10986/33696']","https://openknowledge.worldbank.org/bitstream/10986/33696/4/148198.pdf, https://openknowledge.worldbank.org/handle/10986/33696",World Bank,violence prevention,
10.1093/qje/qjw033,13625467,policy,The Effect of Grade Retention on Adult Crime: Evidence from a Test-Based Promotion Policy,2018-12-01T00:00:00+00:00,National Bureau of Economic Research,"['http://www.nber.org/papers/w25384.pdf', 'https://www.nber.org/papers/w25384']","http://www.nber.org/papers/w25384.pdf, https://www.nber.org/papers/w25384","Ozkan Eren, Michael F. Lovenheim, Naci H. Mocan",violence prevention,
10.1093/qje/qjw033,13625467,policy,Research Series Issue 54: Rural youth in the context of fragility and conflict,2019-12-01T00:00:00+00:00,The International Fund for Agricultural Development,"['https://www.ifad.org/documents/38714170/41187395/14_Baliki+et+al._2019+RDR+BACKGROUND+PAPER.pdf/a0003ba0-3e4f-3fbd-8d2b-654bf75176e8', 'https://www.ifad.org/en/web/knowledge/publication/asset/41490026']","https://www.ifad.org/documents/38714170/41187395/14_Baliki+et+al._2019+RDR+BACKGROUND+PAPER.pdf/a0003ba0-3e4f-3fbd-8d2b-654bf75176e8, https://www.ifad.org/en/web/knowledge/publication/asset/41490026","Ghassan Baliki, Tilman Brück, Neil T. N. Ferguson, Wolfgang Stojetz",violence prevention,
10.1093/qje/qjw033,13625467,policy,Administrative Data Linking and Statistical Power Problems in Randomized Experiments,2019-03-01T00:00:00+00:00,National Bureau of Economic Research,"['http://www.nber.org/papers/w25657.pdf', 'https://www.nber.org/papers/w25657']","http://www.nber.org/papers/w25657.pdf, https://www.nber.org/papers/w25657","Sarah Tahamont, Zubin Jelveh, Aaron Chalfin, Shi Yan & Benjamin Hansen",violence prevention,
10.1093/qje/qjw033,13625467,policy,Frontiers in the Economics of Crime: Lessons for Latin America and the Caribbean,2018-12-01T00:00:00+00:00,The Inter-American Development Bank,"['https://publications.iadb.org/publications/english/document/2018DEC7-Frontiers-in-the-economics-of-crime.pdf?download=true', 'https://publications.iadb.org/en/frontiers-economics-crime-lessons-latin-america-and-caribbean']","https://publications.iadb.org/publications/english/document/2018DEC7-Frontiers-in-the-economics-of-crime.pdf?download=true, https://publications.iadb.org/en/frontiers-economics-crime-lessons-latin-america-and-caribbean",Laura Jaitman,violence prevention,
10.1093/qje/qjw033,13625467,policy,Would Law Enforcement Leaders Support Defunding the Police?,2020-08-20T00:00:00+00:00,RAND Corporation,"['https://www.rand.org/content/dam/rand/pubs/perspectives/PEA100/PEA108-1/RAND_PEA108-1.pdf', 'https://www.rand.org/pubs/perspectives/PEA108-1.html']","https://www.rand.org/content/dam/rand/pubs/perspectives/PEA100/PEA108-1/RAND_PEA108-1.pdf, https://www.rand.org/pubs/perspectives/PEA108-1.html","Michael J. D. Vermeer, Dulani Woods, Brian A. Jackson",violence prevention,
10.1093/qje/qjw033,13625467,policy,Exploring Approaches to Increase Economic Opportunity for Young Men of Color: A 10-Year Review,2020-02-27T00:00:00+00:00,Urban Institute,"['https://www.urban.org/sites/default/files/publication/101764/exploring_approaches_to_increase_economic_opportunity_for_young_men_of_color_a_10-year_review_1.pdf', 'https://www.urban.org/research/publication/exploring-approaches-increase-economic-opportunity-young-men-color-10-year-review']","https://www.urban.org/sites/default/files/publication/101764/exploring_approaches_to_increase_economic_opportunity_for_young_men_of_color_a_10-year_review_1.pdf, https://www.urban.org/research/publication/exploring-approaches-increase-economic-opportunity-young-men-color-10-year-review","Natalie Spievack, Madeline Brown, Christin Durham, Pamela Loprest",violence prevention,
10.1093/qje/qjw033,13625467,policy,Building Ladders of Opportunity for Young People in the Great Lakes States,2017-11-16T00:00:00+00:00,Urban Institute,"['https://www.urban.org/sites/default/files/publication/94726/building-ladders-of-opportunity-for-young-people-in-the-great-lakes-states_5.pdf', 'https://www.urban.org/research/publication/building-ladders-opportunity-young-people-great-lakes-states']","https://www.urban.org/sites/default/files/publication/94726/building-ladders-of-opportunity-for-young-people-in-the-great-lakes-states_5.pdf, https://www.urban.org/research/publication/building-ladders-opportunity-young-people-great-lakes-states","Heather Hahn, Megan Gallagher, Jesse Jannetta, Michael Katz, Rolf Pendall, Shayne Spaulding",violence prevention,
10.1093/qje/qjw033,13625467,policy,Long-Term and Intergenerational Effects of Education : Evidence from School Construction in Indonesia,2021-03-02T15:03:07+00:00,World Bank,"['https://openknowledge.worldbank.org/bitstream/10986/35208/1/Long-Term-and-Intergenerational-Effects-of-Education-Evidence-from-School-Construction-in-Indonesia.pdf', 'https://openknowledge.worldbank.org/handle/10986/35208']","https://openknowledge.worldbank.org/bitstream/10986/35208/1/Long-Term-and-Intergenerational-Effects-of-Education-Evidence-from-School-Construction-in-Indonesia.pdf, https://openknowledge.worldbank.org/handle/10986/35208","Akresh, Richard Halim, Daniel Kleemans, Marieke",violence prevention,
10.1093/qje/qjw033,13625467,policy,"Full Employment for the Young, Too",2017-09-14T00:00:00+00:00,Center on Budget and Policy Priorities,"['https://www.cbpp.org/sites/default/files/atoms/files/9-14-17econ.pdf', 'https://www.cbpp.org/research/full-employment/full-employment-for-the-young-too']","https://www.cbpp.org/sites/default/files/atoms/files/9-14-17econ.pdf, https://www.cbpp.org/research/full-employment/full-employment-for-the-young-too",Harold A. Pollack,violence prevention,
10.1093/qje/qjw033,13625467,policy,The Role of Justice in Development : The Data Revolution,2021-06-25T19:33:26+00:00,World Bank,"['https://openknowledge.worldbank.org/bitstream/10986/35891/1/The-Role-of-Justice-in-Development-The-Data-Revolution.pdf', 'https://openknowledge.worldbank.org/handle/10986/35891']","https://openknowledge.worldbank.org/bitstream/10986/35891/1/The-Role-of-Justice-in-Development-The-Data-Revolution.pdf, https://openknowledge.worldbank.org/handle/10986/35891","Ramos Maqueda, Manuel Chen, Daniel L.",violence prevention,
10.1093/qje/qjw033,13625467,policy,Violence in London: what we know and how to respond,2020-01-30T00:00:00+00:00,The Behavioural Insights Team,"['https://www.bi.team/wp-content/uploads/2020/02/BIT-London-Violence-Reduction.pdf', 'https://www.bi.team/publications/violence-in-london-what-we-know-and-how-to-respond/']","https://www.bi.team/wp-content/uploads/2020/02/BIT-London-Violence-Reduction.pdf, https://www.bi.team/publications/violence-in-london-what-we-know-and-how-to-respond/","Handan Weishmann, Matthew Davies, Ollie Suggs, Sophie Davis, Simon Ruda",violence prevention,
10.1093/qje/qjw033,13625467,policy,"Heat, Crime, and Punishment",2022-01-21T22:39:38+00:00,World Bank,"['https://openknowledge.worldbank.org/bitstream/10986/36881/1/Heat-Crime-and-Punishment.pdf', 'https://openknowledge.worldbank.org/handle/10986/36881']","https://openknowledge.worldbank.org/bitstream/10986/36881/1/Heat-Crime-and-Punishment.pdf, https://openknowledge.worldbank.org/handle/10986/36881","Patrick A. Behrer,  Valentin Bolotnyy",violence prevention,
10.1093/qje/qjw033,13625467,policy,How to reboot education post-pandemic: Delivering on the promise of a better future for youth,2022-05-01T00:00:00+00:00,The Inter-American Development Bank,"['https://publications.iadb.org/publications/english/document/How-to-reboot-education-post-pandemic-Delivering-on-the-promise-of-a-better-future-for-youth.pdf?download=true', 'https://publications.iadb.org/en/how-reboot-education-post-pandemic-delivering-promise-better-future-youth']","https://publications.iadb.org/publications/english/document/How-to-reboot-education-post-pandemic-Delivering-on-the-promise-of-a-better-future-for-youth.pdf?download=true, https://publications.iadb.org/en/how-reboot-education-post-pandemic-delivering-promise-better-future-youth","Abizanda, Beatriz; Almeyda, Gonzalo; Arias Ortiz, Elena; Berlanga, Cecilia; Bornacelly, Iván; Bos, María Soledad; Díaz, Ela; Dueñas, Ximena; Elacqua, Gregory; Elías, Alison; Fernández-Coto, Raquel; Frisancho, Verónica; García Moreno, Vicente A.; Hernández Cardozo, Jenny Carolina; Hincapie, Diana; Margitic, Juan Francisco; Marotta, Luana; Mateo-Berganza Díaz, María Mercedes; Morduchowicz, Alejandro; Muñoz, Felipe; Näslund-Hadley, Emma; Ruiz-Arranz, Marta; Thailinger, Agustina; Valverde Rodríguez, Francisco Javier; Vezza, Evelyn ; Zoido, Pablo",violence prevention,
10.1093/qje/qjw033,13625467,policy,¿Ayudar a las familias a ayudarse a sí mismas? Efectos (in)deseados de un programa digital de crianza,2022-07-01T00:00:00+00:00,The Inter-American Development Bank,"['https://publications.iadb.org/publications/english/document/Helping-Families-Help-Themselves-Heterogeneous-Effects-of-a-Digital-Parenting-Program.pdf?download=true', 'https://publications.iadb.org/es/ayudar-las-familias-ayudarse-si-mismas-efectos-indeseados-de-un-programa-digital-de-crianza']","https://publications.iadb.org/publications/english/document/Helping-Families-Help-Themselves-Heterogeneous-Effects-of-a-Digital-Parenting-Program.pdf?download=true, https://publications.iadb.org/es/ayudar-las-familias-ayudarse-si-mismas-efectos-indeseados-de-un-programa-digital-de-crianza"," Sofía Amaral, Lelys Dinarte, Patricio Domínguez, Santiago M. Perez-Vincent",violence prevention,
10.1007/s11292-016-9277-8,14643726,policy,Preventing violence against women and girls - what works: evidence summary,2020-12-09T00:00:00+00:00,The Scottish Government,"['https://www.gov.scot/binaries/content/documents/govscot/publications/research-and-analysis/2020/12/works-prevent-violence-against-women-girls-summary-evidence/documents/works-prevent-violence-against-women-girls-summary-evidence/works-prevent-violence-against-women-girls-summary-evidence/govscot%3Adocument/works-prevent-violence-against-women-girls-summary-evidence.pdf', 'https://www.gov.scot/publications/works-prevent-violence-against-women-girls-summary-evidence/']","https://www.gov.scot/binaries/content/documents/govscot/publications/research-and-analysis/2020/12/works-prevent-violence-against-women-girls-summary-evidence/documents/works-prevent-violence-against-women-girls-summary-evidence/works-prevent-violence-against-women-girls-summary-evidence/govscot%3Adocument/works-prevent-violence-against-women-girls-summary-evidence.pdf, https://www.gov.scot/publications/works-prevent-violence-against-women-girls-summary-evidence/","James Drummond, Daniel Shephard, Daniel Trnka",violence prevention,
10.1162/rest_a_00850,76936783,policy,Global Employment Trends for Youth 2022: Investing in transforming futures for young people,2022-08-11T00:00:00+00:00,International Labour Organization,"['http://www.ilo.org/wcmsp5/groups/public/---dgreports/---dcomm/---publ/documents/publication/wcms_853321.pdf', 'http://www.ilo.org/global/publications/books/WCMS_853321/lang--en/index.htm']","http://www.ilo.org/wcmsp5/groups/public/---dgreports/---dcomm/---publ/documents/publication/wcms_853321.pdf, http://www.ilo.org/global/publications/books/WCMS_853321/lang--en/index.htm",Rebekah Miller,violence prevention,
10.1002/jcop.22818,123571055,peer_reviews,Using readiness to understand implementation challenges in school mental health research,2021-04-07T00:00:00+00:00,Julie Owens,['https://publons.com/publon/review/PRJF83D6/'],https://publons.com/publon/review/PRJF83D6/,Julie Owens,violence prevention,
10.1002/jcop.22818,123571055,peer_reviews,Using readiness to understand implementation challenges in school mental health research,2021-12-20T00:00:00+00:00,Julie Owens,['https://publons.com/publon/review/BuQ4h5Hs/'],https://publons.com/publon/review/BuQ4h5Hs/,Julie Owens,violence prevention,
10.1093/qje/qjw033,13625467,reddit,"If you're ever asked how to reduce gun violence without taking guns from people, here is a study that seems to have worked. (x-post from /r/science)",2016-11-18T16:26:57+00:00,liberalgunowners: for progressives who enjoy guns and shooting,['http://www.reddit.com/r/liberalgunowners/comments/5dna4j/if_youre_ever_asked_how_to_reduce_gun_violence/'],http://www.reddit.com/r/liberalgunowners/comments/5dna4j/if_youre_ever_asked_how_to_reduce_gun_violence/,Not Found,violence prevention,
10.1093/qje/qjw033,13625467,reddit,"A behavioral therapy program called Becoming a Man (BAM) for economically disadvantaged youth in Chicago reduced the participants' violent-crime arrests by 45–50%, and increased graduation rates by 12–19",2016-11-19T00:06:05+00:00,Anen-o-me,['http://www.reddit.com/r/GoldandBlack/comments/5dprlh/a_behavioral_therapy_program_called_becoming_a/'],http://www.reddit.com/r/GoldandBlack/comments/5dprlh/a_behavioral_therapy_program_called_becoming_a/,Not Found,violence prevention,
10.1093/qje/qjw033,13625467,reddit,"Thinking, Fast and Slow? Some Field Experiments to Reduce Crime and Dropout in Chicago: A little research that shows you can lower crime without taking guns.",2016-11-19T02:30:41+00:00,GunResearch,['http://www.reddit.com/r/GunResearch/comments/5dqeah/thinking_fast_and_slow_some_field_experiments_to/'],http://www.reddit.com/r/GunResearch/comments/5dqeah/thinking_fast_and_slow_some_field_experiments_to/,Not Found,violence prevention,
10.1093/qje/qjw033,13625467,reddit,"""A behavioral therapy program called Becoming a Man (BAM) for economically disadvantaged youth in Chicago reduced the participants' violent-crime arrests by 45–50%, and increased graduation rates by 12–19%.""",2016-11-18T17:20:40+00:00,USUnited - Activism for Everyone!,['http://www.reddit.com/r/USUnited/comments/5dnlbz/a_behavioral_therapy_program_called_becoming_a/'],http://www.reddit.com/r/USUnited/comments/5dnlbz/a_behavioral_therapy_program_called_becoming_a/,Not Found,violence prevention,
10.1093/qje/qjw033,13625467,reddit,"A behavioral therapy program called Becoming a Man (BAM) for economically disadvantaged youth in Chicago reduced the participants' violent-crime arrests by 45–50%, and increased graduation rates by 12–19%.",2016-11-18T12:12:33+00:00,Reddit Science,['http://www.reddit.com/r/science/comments/5dm2oj/a_behavioral_therapy_program_called_becoming_a/'],http://www.reddit.com/r/science/comments/5dm2oj/a_behavioral_therapy_program_called_becoming_a/,Not Found,violence prevention,
10.1093/qje/qjw033,13625467,googleplus,A behavioral therapy program called Becoming a Man (BAM) for economically disadvantaged youth in Chicago...,2016-11-20T07:49:00+00:00,Louise Perrot,['https://plus.google.com/101571950995208459513/posts/4zsMRYLpNVn'],https://plus.google.com/101571950995208459513/posts/4zsMRYLpNVn,Not Found,violence prevention,
10.1093/qje/qjw033,13625467,googleplus,A behavioral therapy program called Becoming a Man (BAM) for economically disadvantaged youth in Chicago...,2016-11-20T15:02:52+00:00,Evan Rey,['https://plus.google.com/117476976187361922869/posts/6MkPeEzHas2'],https://plus.google.com/117476976187361922869/posts/6MkPeEzHas2,Not Found,violence prevention,
10.1093/qje/qjw033,13625467,googleplus,"Thinking, Fast and Slow? Some Field Experiments to Reduce #Crime and #Dropout in #Chicago http://ow.ly...",2018-02-19T00:35:06+00:00,1 KDP,['https://plus.google.com/112905910114385373167/posts/HEe4LDignLY'],https://plus.google.com/112905910114385373167/posts/HEe4LDignLY,Not Found,violence prevention,
10.1093/qje/qjw033,13625467,googleplus,"Thinking, Fast and Slow? Some Field Experiments to Reduce #Crime and #Dropout in #Chicago http://ow.ly...",2018-03-09T12:30:39+00:00,1 KDP,['https://plus.google.com/112905910114385373167/posts/ZaztzdgWtyA'],https://plus.google.com/112905910114385373167/posts/ZaztzdgWtyA,Not Found,violence prevention,
10.1136/injuryprev-2016-042194,13871483,googleplus,,2017-09-25T10:27:48+00:00,,['https://plus.google.com/+CasgoconnectionsCoUk/posts/6gu468fBPKA'],https://plus.google.com/+CasgoconnectionsCoUk/posts/6gu468fBPKA,Not Found,violence prevention,
10.1073/pnas.2118780119,125520545,blogs,A controlled experiment focuses on improved policing method,2022-03-29T20:51:55+00:00,Ars Technica,['https://arstechnica.com/?p=1844242'],https://arstechnica.com/?p=1844242,John Timmer,policing,
10.1073/pnas.2118780119,125520545,blogs,Police training emphasizing fairness can reduce crime and foster more positive interactions,2022-04-01T12:48:43+00:00,ZME Science,['https://www.zmescience.com/science/psychology-science/police-training-emphasizing-fairness-can-reduce-crime-and-foster-more-positive-interactions/'],https://www.zmescience.com/science/psychology-science/police-training-emphasizing-fairness-can-reduce-crime-and-foster-more-positive-interactions/,Mihai Andrei,policing,
10.1073/pnas.1814773116,60037455,blogs,How to stop police violence with evidence-based policy,2020-06-02T18:17:22+00:00,ZME Science,['http://feedproxy.google.com/~r/zmescience/~3/96ILJJibWgw/'],http://feedproxy.google.com/~r/zmescience/~3/96ILJJibWgw/,Tibi Puiu,policing,
10.1073/pnas.1814773116,60037455,blogs,Racially Biased Policing: Can It Be Fixed?,2020-09-23T18:15:00+00:00,Discover Top Stories,['http://feedproxy.google.com/~r/DiscoverTopStories/~3/U15M2v-QewU/racially-biased-policing-can-it-be-fixed'],http://feedproxy.google.com/~r/DiscoverTopStories/~3/U15M2v-QewU/racially-biased-policing-can-it-be-fixed,Chris Woolston,policing,
10.1007/s11292-017-9293-3,21401117,blogs,What We (Don’t) Know About Reducing Police Bias,2017-07-21T16:36:00+00:00,The Society Pages: All Blogs,['https://thesocietypages.org/minnesota/posts/what-we-dont-know-about-reducing-police-bias/'],https://thesocietypages.org/minnesota/posts/what-we-dont-know-about-reducing-police-bias/,Wen Bu,policing,
10.1073/pnas.2118780119,125520545,news,"Study: Intensive, specialized training of police officers leads to reduced crime, fewer arrests and more positive interactions and community evaluations",2022-03-29T13:43:00+00:00,PR Newswire,['http://ct.moreover.com/?a=47381641557&p=1pl&v=1&x=ftvkBN2g3nKszmGokc4y4w'],http://ct.moreover.com/?a=47381641557&p=1pl&v=1&x=ftvkBN2g3nKszmGokc4y4w,Jane Mott-Palmer,policing,
10.1073/pnas.2118780119,125520545,news,"Study: Intensive, specialized training of police officers leads to reduced crime, fewer arrests and more positive interactions and community evaluations",2022-03-29T13:47:57+00:00,Ticker Tech,['http://ct.moreover.com/?a=47381653056&p=1pl&v=1&x=gRXPhnvS0js_WFG2H1rBTw'],http://ct.moreover.com/?a=47381653056&p=1pl&v=1&x=gRXPhnvS0js_WFG2H1rBTw,Jane Mott-Palmer,policing,
10.1073/pnas.2118780119,125520545,news,"Study: Intensive, specialized training of police officers leads to reduced crime, fewer arrests and more positive interactions and community evaluations",2022-03-29T13:43:00+00:00,WFLX Fox 29,['http://ct.moreover.com/?a=47381668117&p=1pl&v=1&x=LtDxU_1iJrrAfNgUtdXC6A'],http://ct.moreover.com/?a=47381668117&p=1pl&v=1&x=LtDxU_1iJrrAfNgUtdXC6A,Jane Mott-Palmer,policing,
10.1073/pnas.2118780119,125520545,news,"Study: Intensive, specialized training of police officers leads to reduced crime, fewer arrests and more positive interactions and community evaluations",2022-03-29T13:43:00+00:00,Morning Star,['http://ct.moreover.com/?a=47381668203&p=1pl&v=1&x=rit4sU9ULex39M4e7kg6ZA'],http://ct.moreover.com/?a=47381668203&p=1pl&v=1&x=rit4sU9ULex39M4e7kg6ZA,Jane Mott-Palmer,policing,
10.1073/pnas.2118780119,125520545,news,"Study: Intensive, specialized training of police officers leads to reduced crime, fewer arrests and more positive interactions and community evaluations",2022-03-29T13:43:00+00:00,14 News,['http://ct.moreover.com/?a=47381675269&p=1pl&v=1&x=JoDLObgOoGCfy31IlW5q3w'],http://ct.moreover.com/?a=47381675269&p=1pl&v=1&x=JoDLObgOoGCfy31IlW5q3w,Jane Mott-Palmer,policing,
10.1073/pnas.2118780119,125520545,news,"Study: Intensive, specialized training of police officers leads to reduced crime, fewer arrests and more positive interactions and community evaluations",2022-03-29T13:43:00+00:00,WMBF News,['http://ct.moreover.com/?a=47381680220&p=1pl&v=1&x=LMuwKLhXdRekZePeRGDEFg'],http://ct.moreover.com/?a=47381680220&p=1pl&v=1&x=LMuwKLhXdRekZePeRGDEFg,Jane Mott-Palmer,policing,
10.1073/pnas.2118780119,125520545,news,"Study: Intensive, specialized training of police officers leads to reduced crime, fewer arrests and more positive interactions and community evaluations",2022-03-29T13:43:00+00:00,WECT News 6,['http://ct.moreover.com/?a=47381682945&p=1pl&v=1&x=nBhBxAnbjPvsaGcBJNw4ug'],http://ct.moreover.com/?a=47381682945&p=1pl&v=1&x=nBhBxAnbjPvsaGcBJNw4ug,Jane Mott-Palmer,policing,
10.1073/pnas.2118780119,125520545,news,"Study: Intensive, specialized training of police officers leads to reduced crime, fewer arrests and more positive interactions and community evaluations",2022-03-29T13:43:00+00:00,KSLA News 12,['http://ct.moreover.com/?a=47381691552&p=1pl&v=1&x=-slnwmIGXCyp2Q4fLyjOgw'],http://ct.moreover.com/?a=47381691552&p=1pl&v=1&x=-slnwmIGXCyp2Q4fLyjOgw,Jane Mott-Palmer,policing,
10.1073/pnas.2118780119,125520545,news,"Study: Intensive, specialized training of police officers leads to reduced crime, fewer arrests and more positive interactions and community evaluations",2022-03-29T13:43:00+00:00,WALB,['http://ct.moreover.com/?a=47381693951&p=1pl&v=1&x=qvWifh7pbI0oIvn80OG2vg'],http://ct.moreover.com/?a=47381693951&p=1pl&v=1&x=qvWifh7pbI0oIvn80OG2vg,Jane Mott-Palmer,policing,
10.1073/pnas.2118780119,125520545,news,"Study: Intensive, specialized training of police officers leads to reduced crime, fewer arrests and more positive interactions and community evaluations",2022-03-29T13:43:00+00:00,WWSB,['http://ct.moreover.com/?a=47381694798&p=1pl&v=1&x=Lk8gtC46wA-k9b9v5fFMsg'],http://ct.moreover.com/?a=47381694798&p=1pl&v=1&x=Lk8gtC46wA-k9b9v5fFMsg,Jane Mott-Palmer,policing,
10.1073/pnas.2118780119,125520545,news,"Study: Intensive, specialized training of police officers leads to reduced crime, fewer arrests and more positive interactions and community evaluations",2022-03-29T13:43:00+00:00,South Carolina News Now,['http://ct.moreover.com/?a=47381695470&p=1pl&v=1&x=kXexJ2DmUTBszd4xUyeP0g'],http://ct.moreover.com/?a=47381695470&p=1pl&v=1&x=kXexJ2DmUTBszd4xUyeP0g,Jane Mott-Palmer,policing,
10.1073/pnas.2118780119,125520545,news,"Study: Intensive, specialized training of police officers leads to reduced crime, fewer arrests and more positive interactions and community evaluations",2022-03-29T13:43:00+00:00,WCAX,['http://ct.moreover.com/?a=47381700155&p=1pl&v=1&x=OiwArC6Dn2Ojs0Penjelew'],http://ct.moreover.com/?a=47381700155&p=1pl&v=1&x=OiwArC6Dn2Ojs0Penjelew,Jane Mott-Palmer,policing,
10.1073/pnas.2118780119,125520545,news,"Study: Intensive, specialized training of police officers leads to reduced crime, fewer arrests and more positive interactions and community evaluations",2022-03-29T13:43:00+00:00,WAFB 9,['http://ct.moreover.com/?a=47381697832&p=1pl&v=1&x=65Lsr3JPG7T2Qe7DqQ518A'],http://ct.moreover.com/?a=47381697832&p=1pl&v=1&x=65Lsr3JPG7T2Qe7DqQ518A,Jane Mott-Palmer,policing,
10.1073/pnas.2118780119,125520545,news,"Study: Intensive, specialized training of police officers leads to reduced crime, fewer arrests and more positive interactions and community evaluations",2022-03-29T13:43:00+00:00,KAIT-TV,['http://ct.moreover.com/?a=47381699124&p=1pl&v=1&x=5aQ7Ac6_6Qoth72HVNfmfA'],http://ct.moreover.com/?a=47381699124&p=1pl&v=1&x=5aQ7Ac6_6Qoth72HVNfmfA,Jane Mott-Palmer,policing,
10.1073/pnas.2118780119,125520545,news,"Study: Intensive, specialized training of police officers leads to reduced crime, fewer arrests and more positive interactions and community evaluations",2022-03-29T13:43:00+00:00,Hawaii News Now,['http://ct.moreover.com/?a=47381702559&p=1pl&v=1&x=XGAiQwHBoRuGHc_6Ro_hRA'],http://ct.moreover.com/?a=47381702559&p=1pl&v=1&x=XGAiQwHBoRuGHc_6Ro_hRA,Jane Mott-Palmer,policing,
10.1073/pnas.2118780119,125520545,news,"Study: Intensive, specialized training of police officers leads to reduced crime, fewer arrests and more positive interactions and community evaluations",2022-03-29T13:43:00+00:00,News Channel 10,['http://ct.moreover.com/?a=47381701059&p=1pl&v=1&x=XTUbJlA9rtzer5VtezLwsw'],http://ct.moreover.com/?a=47381701059&p=1pl&v=1&x=XTUbJlA9rtzer5VtezLwsw,Jane Mott-Palmer,policing,
10.1073/pnas.2118780119,125520545,news,"Study: Intensive, specialized training of police officers leads to reduced crime, fewer arrests and more positive interactions and community evaluations",2022-03-29T13:43:00+00:00,Wave 3 News,['http://ct.moreover.com/?a=47381705550&p=1pl&v=1&x=-P07Q33nXhXrwWLkgGBHuQ'],http://ct.moreover.com/?a=47381705550&p=1pl&v=1&x=-P07Q33nXhXrwWLkgGBHuQ,Jane Mott-Palmer,policing,
10.1073/pnas.2118780119,125520545,news,"Study: Intensive, specialized training of police officers leads to reduced crime, fewer arrests and more positive interactions and community evaluations",2022-03-29T13:43:00+00:00,WTVM,['http://ct.moreover.com/?a=47381708684&p=1pl&v=1&x=RkRnxTxQ9T9J_FnV2bNkkQ'],http://ct.moreover.com/?a=47381708684&p=1pl&v=1&x=RkRnxTxQ9T9J_FnV2bNkkQ,Jane Mott-Palmer,policing,
10.1073/pnas.2118780119,125520545,news,"Study: Intensive, specialized training of police officers leads to reduced crime, fewer arrests and more positive interactions and community evaluations",2022-03-29T13:43:00+00:00,WILX 10,['http://ct.moreover.com/?a=47381709537&p=1pl&v=1&x=NYDkwNnsDgke3R9KSke0FQ'],http://ct.moreover.com/?a=47381709537&p=1pl&v=1&x=NYDkwNnsDgke3R9KSke0FQ,Jane Mott-Palmer,policing,
10.1073/pnas.2118780119,125520545,news,"Study: Intensive, specialized training of police officers leads to reduced crime, fewer arrests and more positive interactions and community evaluations",2022-03-29T13:43:00+00:00,KEYC News 12,['http://ct.moreover.com/?a=47381714803&p=1pl&v=1&x=VO4y4YF6qlwt4J8Xww9DSA'],http://ct.moreover.com/?a=47381714803&p=1pl&v=1&x=VO4y4YF6qlwt4J8Xww9DSA,Jane Mott-Palmer,policing,
10.1073/pnas.2118780119,125520545,news,"Study: Intensive, specialized training of police officers leads to reduced crime, fewer arrests and more positive interactions and community evaluations",2022-03-29T13:43:00+00:00,KLTV,['http://ct.moreover.com/?a=47381715924&p=1pl&v=1&x=O89yw1icuG28-cgy1u_0Qw'],http://ct.moreover.com/?a=47381715924&p=1pl&v=1&x=O89yw1icuG28-cgy1u_0Qw,Jane Mott-Palmer,policing,
10.1073/pnas.2118780119,125520545,news,"Study: Intensive, specialized training of police officers leads to reduced crime, fewer arrests and more positive interactions and community evaluations",2022-03-29T13:43:00+00:00,KCBD,['http://ct.moreover.com/?a=47381717431&p=1pl&v=1&x=eZXEUa3CeathB6Xc1wVzYA'],http://ct.moreover.com/?a=47381717431&p=1pl&v=1&x=eZXEUa3CeathB6Xc1wVzYA,Jane Mott-Palmer,policing,
10.1073/pnas.2118780119,125520545,news,"Study: Intensive, specialized training of police officers leads to reduced crime, fewer arrests and more positive interactions and community evaluations",2022-03-29T13:43:00+00:00,WSAW-TV,['http://ct.moreover.com/?a=47381722038&p=1pl&v=1&x=pgMtw7zi630c7HNKvmoXCw'],http://ct.moreover.com/?a=47381722038&p=1pl&v=1&x=pgMtw7zi630c7HNKvmoXCw,Jane Mott-Palmer,policing,
10.1073/pnas.2118780119,125520545,news,"Study: Intensive, specialized training of police officers leads to reduced crime, fewer arrests and more positive interactions and community evaluations",2022-03-29T13:43:00+00:00,KPLC 7 News,['http://ct.moreover.com/?a=47381723958&p=1pl&v=1&x=6VZ8RILZdeYa9OqUP2nKsw'],http://ct.moreover.com/?a=47381723958&p=1pl&v=1&x=6VZ8RILZdeYa9OqUP2nKsw,Jane Mott-Palmer,policing,
10.1073/pnas.2118780119,125520545,news,"Study: Intensive, specialized training of police officers leads to reduced crime, fewer arrests and more positive interactions and community evaluations",2022-03-29T13:43:00+00:00,NBC12,['http://ct.moreover.com/?a=47381725096&p=1pl&v=1&x=MdzaJH4Lj1rjqgVlWrpxDQ'],http://ct.moreover.com/?a=47381725096&p=1pl&v=1&x=MdzaJH4Lj1rjqgVlWrpxDQ,Jane Mott-Palmer,policing,
10.1073/pnas.2118780119,125520545,news,"Study: Intensive, specialized training of police officers leads to reduced crime, fewer arrests and more positive interactions and community evaluations",2022-03-29T13:43:00+00:00,WDAM - TV,['http://ct.moreover.com/?a=47381727413&p=1pl&v=1&x=H4r2NMgnw5HJJV0IMYybhg'],http://ct.moreover.com/?a=47381727413&p=1pl&v=1&x=H4r2NMgnw5HJJV0IMYybhg,Jane Mott-Palmer,policing,
10.1073/pnas.2118780119,125520545,news,"Study: Intensive, specialized training of police officers leads to reduced crime, fewer arrests and more positive interactions and community evaluations",2022-03-29T13:43:00+00:00,Knoe News 8,['http://ct.moreover.com/?a=47381727385&p=1pl&v=1&x=avkOHs27ECeKSaGt_QMnEw'],http://ct.moreover.com/?a=47381727385&p=1pl&v=1&x=avkOHs27ECeKSaGt_QMnEw,Jane Mott-Palmer,policing,
10.1073/pnas.2118780119,125520545,news,"Study: Intensive, specialized training of police officers leads to reduced crime, fewer arrests and more positive interactions and community evaluations",2022-03-29T13:43:00+00:00,Fox 19,['http://ct.moreover.com/?a=47381729366&p=1pl&v=1&x=G4nj954LbRVJnOtpIDUnTg'],http://ct.moreover.com/?a=47381729366&p=1pl&v=1&x=G4nj954LbRVJnOtpIDUnTg,Jane Mott-Palmer,policing,
10.1073/pnas.2118780119,125520545,news,"Study: Intensive, specialized training of police officers leads to reduced crime, fewer arrests and more positive interactions and community evaluations",2022-03-29T13:43:00+00:00,WBTV,['http://ct.moreover.com/?a=47381729216&p=1pl&v=1&x=R3PCki0afxnzf8GbPwiuBg'],http://ct.moreover.com/?a=47381729216&p=1pl&v=1&x=R3PCki0afxnzf8GbPwiuBg,Jane Mott-Palmer,policing,
10.1073/pnas.2118780119,125520545,news,"Study: Intensive, specialized training of police officers leads to reduced crime, fewer arrests and more positive interactions and community evaluations",2022-03-29T13:43:00+00:00,Benzinga,['http://ct.moreover.com/?a=47381756120&p=1pl&v=1&x=R4YdULVmlQLKaGZ0WDON7w'],http://ct.moreover.com/?a=47381756120&p=1pl&v=1&x=R4YdULVmlQLKaGZ0WDON7w,Jane Mott-Palmer,policing,
10.1073/pnas.2118780119,125520545,news,"Study: Intensive, specialized training of police officers leads to reduced crime, fewer arrests and more positive interactions and community evaluations",2022-03-29T13:43:00+00:00,Fox 8 WVUE,['http://ct.moreover.com/?a=47381773227&p=1pl&v=1&x=gLKZsaBNUhn3Hx-ZFqAIDw'],http://ct.moreover.com/?a=47381773227&p=1pl&v=1&x=gLKZsaBNUhn3Hx-ZFqAIDw,Jane Mott-Palmer,policing,
10.1073/pnas.2118780119,125520545,news,A controlled experiment focuses on improved policing method,2022-03-29T21:07:34+00:00,Arstechnica,['http://ct.moreover.com/?a=47384469999&p=1pl&v=1&x=9KYPvhwjolZYCMRP5l5liQ'],http://ct.moreover.com/?a=47384469999&p=1pl&v=1&x=9KYPvhwjolZYCMRP5l5liQ,John Timmer,policing,
10.1073/pnas.2118780119,125520545,news,"Intensive training of police leads to reduced crime, fewer arrests and more positive interactions",2022-03-30T14:02:45+00:00,Phys.org,['http://ct.moreover.com/?a=47390610788&p=1pl&v=1&x=1izFCcRsjIRpJM6RGaiRCA'],http://ct.moreover.com/?a=47390610788&p=1pl&v=1&x=1izFCcRsjIRpJM6RGaiRCA,Jane Mott-Palmer,policing,
10.1073/pnas.2118780119,125520545,news,"Intensive training of police leads to reduced crime, fewer arrests and more posi..",2022-03-30T15:12:18+00:00,True Viral News,['http://ct.moreover.com/?a=47391036716&p=1pl&v=1&x=JTW09n_jkUoh9yBQiBK8KA'],http://ct.moreover.com/?a=47391036716&p=1pl&v=1&x=JTW09n_jkUoh9yBQiBK8KA,Jane Mott-Palmer,policing,
10.1073/pnas.2118780119,125520545,news,Specialized training of police officers leads to reduced crime,2022-04-04T04:01:00+00:00,Philanthropy News Digest,['http://ct.moreover.com/?a=47426522088&p=1pl&v=1&x=KTKY4Y_XCot0HeG23DGULQ'],http://ct.moreover.com/?a=47426522088&p=1pl&v=1&x=KTKY4Y_XCot0HeG23DGULQ,Jane Mott-Palmer,policing,
10.1073/pnas.2118780119,125520545,news,Tucson played pivotal role in study on fairness in policing,2022-04-08T14:00:00+00:00,Arizona Daily Star,['http://ct.moreover.com/?a=47463236852&p=1pl&v=1&x=EB1PXQrGFwE0LE-VQMpBXQ'],http://ct.moreover.com/?a=47463236852&p=1pl&v=1&x=EB1PXQrGFwE0LE-VQMpBXQ,"Caitlin Schmidt, Jamie Donnelly",policing,
10.1073/pnas.2118780119,125520545,news,"Violence declined at three of Denver’s five crime “hot spots,” but shootings still on the rise citywide",2022-10-23T12:00:02+00:00,The Denver Post,['http://ct.moreover.com/?a=49063489823&p=1pl&v=1&x=9Cmrc0vHlsmWd7jpWIzBaw'],http://ct.moreover.com/?a=49063489823&p=1pl&v=1&x=9Cmrc0vHlsmWd7jpWIzBaw,Elise Schmelzer,policing,
10.1073/pnas.2118780119,125520545,news,Editorial: Memphis gave hotspot policing a bad name. Can Houston redeem it?,2023-02-05T09:00:00+00:00,Houston Chronicle,['http://ct.moreover.com/?a=49927901859&p=1pl&v=1&x=DXfAVWm6z1PVF4c7IBPgqw'],http://ct.moreover.com/?a=49927901859&p=1pl&v=1&x=DXfAVWm6z1PVF4c7IBPgqw,The Editorial Board,policing,
10.1073/pnas.1814773116,60037455,news,El eterno ciclo de violencia policial en EEUU: ¿Han servido las medidas y protestas?,2020-05-30T13:42:55+00:00,MSN,['https://www.msn.com/es-es/noticias/internacional/el-eterno-ciclo-de-violencia-policial-en-eeuu-%C2%BFhan-servido-las-medidas-y-protestas/ar-BB14NN5y?li=BBplW3c&srcref=rss'],https://www.msn.com/es-es/noticias/internacional/el-eterno-ciclo-de-violencia-policial-en-eeuu-%C2%BFhan-servido-las-medidas-y-protestas/ar-BB14NN5y?li=BBplW3c&srcref=rss,Argemino Barro,policing,
10.1073/pnas.1814773116,60037455,news,Cameras Didn't Save George Floyd. They Can't Stop Police Brutality.,2020-06-03T09:00:20+00:00,New York Times,['https://www.nytimes.com/2020/06/03/opinion/george-floyd-video-police.html'],https://www.nytimes.com/2020/06/03/opinion/george-floyd-video-police.html,Farhad Manjoo,policing,
10.1073/pnas.1814773116,60037455,news,Farhad Manjoo: Cameras won’t prevent police killings,2020-06-04T00:00:05+00:00,The Salt Lake Tribune,['https://www.sltrib.com/opinion/commentary/2020/06/03/farhad-manjoo-cameras/'],https://www.sltrib.com/opinion/commentary/2020/06/03/farhad-manjoo-cameras/,Farhad Manjoo,policing,
10.1073/pnas.1814773116,60037455,news,Cameras won't stop police from killing | The Opinion Pages,2020-06-03T23:37:13+00:00,bdnews24,['https://opinion.bdnews24.com/2020/06/04/cameras-wont-stop-police-from-killing/'],https://opinion.bdnews24.com/2020/06/04/cameras-wont-stop-police-from-killing/,Farhad Manjoo,policing,
10.1073/pnas.1814773116,60037455,news,Manjoo: Cameras won’t stop police from killing,2020-06-05T09:00:00+00:00,San Antonio Express-News,['https://www.expressnews.com/opinion/commentary/article/Manjoo-Cameras-won-t-stop-police-from-killing-15317972.php'],https://www.expressnews.com/opinion/commentary/article/Manjoo-Cameras-won-t-stop-police-from-killing-15317972.php,Farhad Manjoo,policing,
10.1073/pnas.1814773116,60037455,news,"How to actually stop police brutality, according to science",2020-06-05T18:25:59+00:00,FOX News,['https://www.foxnews.com/science/how-to-actually-stop-police-brutality-according-to-science'],https://www.foxnews.com/science/how-to-actually-stop-police-brutality-according-to-science,Stephanie Pappas,policing,
10.1073/pnas.1814773116,60037455,news,What Maine can do to reduce police violence,2020-06-08T14:26:03+00:00,Bangor Daily News,['https://bangordailynews.com/2020/06/08/opinion/contributors/what-maine-can-do-to-reduce-police-violence/'],https://bangordailynews.com/2020/06/08/opinion/contributors/what-maine-can-do-to-reduce-police-violence/,"Charlotte Warden, Jordan LaBouff",policing,
10.1073/pnas.1814773116,60037455,news,"Defund the police for safer, healthier and sustainable black communities",2020-06-09T19:10:00+00:00,Morning Star,['https://www.morningstar.com/news/marketwatch/20200609569/defund-the-police-for-safer-healthier-and-sustainable-black-communities'],https://www.morningstar.com/news/marketwatch/20200609569/defund-the-police-for-safer-healthier-and-sustainable-black-communities,Judy Lubin,policing,
10.1073/pnas.1814773116,60037455,news,Police Forces Keep Saying Body Cameras Are the Answer. Experts Say Otherwise,2020-06-11T13:34:14+00:00,Vice,['https://www.vice.com/en_ca/article/dyz77w/police-forces-keep-saying-body-cameras-are-the-answer-experts-say-otherwise'],https://www.vice.com/en_ca/article/dyz77w/police-forces-keep-saying-body-cameras-are-the-answer-experts-say-otherwise,Jillian Kestler-D’Amours,policing,
10.1073/pnas.1814773116,60037455,news,Canada should enshrine police body cameras into law,2020-06-16T14:42:54+00:00,The Conversation,['http://theconversation.com/canada-should-enshrine-police-body-cameras-into-law-140611'],http://theconversation.com/canada-should-enshrine-police-body-cameras-into-law-140611,Robert Diab,policing,
10.1073/pnas.1814773116,60037455,news,MIL-OSI Global: Canada should enshrine police body cameras into law,2020-06-16T15:04:43+00:00,Foreign Affairs New Zealand,['https://foreignaffairs.co.nz/2020/06/17/canada-should-enshrine-police-body-cameras-into-law-140611/'],https://foreignaffairs.co.nz/2020/06/17/canada-should-enshrine-police-body-cameras-into-law-140611/,Robert Diab,policing,
10.1073/pnas.1814773116,60037455,news,News story from Big News Network on Tuesday 16 June 2020,2020-06-16T18:39:12+00:00,Big News Network,[],,Not Found,policing,
10.1073/pnas.1814773116,60037455,news,Canada should enshrine police body cameras into law,2020-06-16T18:39:12+00:00,Toronto Telegraph,['http://www.torontotelegraph.com/news/265475710/canada-should-enshrine-police-body-cameras-into-law'],http://www.torontotelegraph.com/news/265475710/canada-should-enshrine-police-body-cameras-into-law,Robert Diab,policing,
10.1073/pnas.1814773116,60037455,news,This One Country (Not America) Should Enshrine Police Body Cameras into Law,2020-06-22T13:00:00+00:00,The National Interest,['http://nationalinterest.org/blog/reboot/one-country-not-america-should-enshrine-police-body-cameras-law-162938'],http://nationalinterest.org/blog/reboot/one-country-not-america-should-enshrine-police-body-cameras-law-162938,Robert Diab,policing,
10.1073/pnas.1814773116,60037455,news,This One Country (Not America) Should Enshrine Police Body Cameras into Law,2020-06-22T13:00:00+00:00,Yahoo! News,['https://news.yahoo.com/one-country-not-america-enshrine-130000729.html'],https://news.yahoo.com/one-country-not-america-enshrine-130000729.html,Robert Diab,policing,
10.1073/pnas.1814773116,60037455,news,Polizeigewalt in USA: Neue Strategien zur Deeskalation - WELT,2020-06-24T03:30:51+00:00,Die Welt,['https://www.welt.de/wissenschaft/article210167603/Polizeigewalt-in-USA-Neue-Strategien-zur-Deeskalation.html'],https://www.welt.de/wissenschaft/article210167603/Polizeigewalt-in-USA-Neue-Strategien-zur-Deeskalation.html,Von Katja Ridderbusch,policing,
10.1073/pnas.1814773116,60037455,news,News story from Bloomberg on Wednesday 29 July 2020,2020-07-29T14:00:14+00:00,Bloomberg,[],,Jennifer Doleac,policing,
10.1073/pnas.1814773116,60037455,news,Body Cameras Don’t Make Police More Accountable,2020-07-29T15:02:54+00:00,BNN Bloomberg,['https://www.bnnbloomberg.ca/body-cameras-don-t-make-police-more-accountable-1.1472518'],https://www.bnnbloomberg.ca/body-cameras-don-t-make-police-more-accountable-1.1472518,Jennifer Doleac,policing,
10.1073/pnas.1814773116,60037455,news,Racially Biased Policing: Can It Be Fixed?,2020-09-23T18:15:00+00:00,Discover Magazine,['https://www.discovermagazine.com/mind/racially-biased-policing-can-it-be-fixed'],https://www.discovermagazine.com/mind/racially-biased-policing-can-it-be-fixed,Chris Woolston,policing,
10.1073/pnas.1814773116,60037455,news,ACLU of R.I. calls on Providence Police Department to enforce stronger compliance of body camera policy,2021-01-27T03:05:05+00:00,The Brown Daily Herald,['https://www.browndailyherald.com/2021/01/26/aclu-r-calls-providence-police-department-enforce-stronger-compliance-body-camera-policy/'],https://www.browndailyherald.com/2021/01/26/aclu-r-calls-providence-police-department-enforce-stronger-compliance-body-camera-policy/,Corey Gelb-Bicknell,policing,
10.1073/pnas.1814773116,60037455,news,"Суд присяжных признал полицейского виновным в убийстве Джорджа Флойда. Все, теперь расизм и полицейское насилие в США побеждены? Спойлер: нет, не все так просто",2021-04-24T15:11:48+00:00,Meduza,['http://ct.moreover.com/?a=44768753128&p=1pl&v=1&x=09_KbOV7bNw0quJR29hMMw'],http://ct.moreover.com/?a=44768753128&p=1pl&v=1&x=09_KbOV7bNw0quJR29hMMw,Scott Olson,policing,
10.1093/police/paw057,18480329,news,Caméras corporelles sur les policiers français : ce que nous apprend l’expérience des États-Unis et du Canada,2021-01-18T19:56:06+00:00,The Conversation,['https://theconversation.com/cameras-corporelles-sur-les-policiers-francais-ce-que-nous-apprend-lexperience-des-etats-unis-et-du-canada-152731'],https://theconversation.com/cameras-corporelles-sur-les-policiers-francais-ce-que-nous-apprend-lexperience-des-etats-unis-et-du-canada-152731,Fabrice Lollia,policing,
10.1093/police/paw057,18480329,news,News story from Slate France on Tuesday 19 January 2021,2021-01-19T11:06:00+00:00,Slate France,[],,Not Found,policing,
10.1093/police/paw057,18480329,policy,"Law and Order in School and Society: How Discipline and Policing Policies Harm Students of Color, and What We Can Do About It",2017-06-08T00:00:00+00:00,National Education Policy Center,"['http://nepc.colorado.edu/files/publications/PB%20Law%20and%20Order_0.pdf', 'http://nepc.colorado.edu/publication/law-and-order']","http://nepc.colorado.edu/files/publications/PB%20Law%20and%20Order_0.pdf, http://nepc.colorado.edu/publication/law-and-order","Janelle T. Scott, Michele S. Moses, Kara Finnigan, Tina Trujillo, Darrell Jackson",policing,
10.1073/pnas.2118780119,125520545,reddit,Reforming the police through procedural justice training: A multicity randomized trial at crime hot spots,2022-03-29T22:06:45+00:00,Reddit Science,['https://www.reddit.com/r/science/comments/trp7qc/reforming_the_police_through_procedural_justice/'],https://www.reddit.com/r/science/comments/trp7qc/reforming_the_police_through_procedural_justice/,Not Found,policing,
